filename	bytes	sha256
00-master-ui-reference-board-v3.png	9799481	352d7b992e3cfadcba396f08a57515e52735bbd47bb983049086146da5ce8b8b
01-daily-note-main-reflection.png	1505958	9705bc611ac9861649b5e40209d06400eabe1ab42ba687b7c94fd7c1a3cf07c1
02-note-detail-linked-metrics.png	1491698	f6b0fa6cd26af72486ce5db17b0fddfcad66a4d813f06baddda617b4fb9101c8
03-all-notes-pin.png	1316226	184b7ac6db5dd14dcb66d35cd09d29424b07f6c54fd3835abedf1873805ae135
04-recent-notes.png	151320	8e7ce7810c65a43eb17db3f320a74dcff0974aacb11ef47a0777c6438a81b498
05-tags.png	151318	ce7d7c29db1d77976f2a6948f32aea68ac8e4c94e344c51a2c033b9605369ce4
06-connected-notes-metrics.png	1484567	743320d5a83e9bb233660544bd958237396f266a35474f55d13cb277b9d4f67d
07-pending-links.png	1454995	81e5e015c58830e325e56cdbcd063e8bb5d93d3915d2c4b15b75b61493710fcc
08-graph-lite.png	1300632	dee161ec1ba727a9cfad1b67ff8413c919a88c116aff873a4ffeb5055dad5f0a
09-reflection-add-popover.png	132339	d187b14d54db2d034632289058fc81e4100edfdd0128f52deb2d129342b53f71
10-reflection-display.png	173799	350b331feee7b4c9e24a4e30cf92ff68fa857494a1f8a439c666ae029ad54f8a
11-rich-image-editing.png	426219	a1c12c67daaad5c9796c265604b03bc7e36c129a7b90e15f1b818bbe5c3e75ef
12-workspace-switcher.png	97031	bdf281994ed73f2a358e46940f386ef4a719b5623bf256183c14dc0bda41d583
13-workspace-settings.png	1305586	f6723a95325f35fe480ccd3d98bbab30d8b6d8c8fa46b697d0cd7d3909b7f989
14-note-system-settings.png	149317	56b2c1ad73a9813e8f8fb7e63ca29c5616e9ef0bf73b9f9b45c1281ef394fe71
15-global-search.png	134401	57bc6d4dfb53a850dc29256579c3df3cc1d8cbc4817b67b6adec0270dc1ea990
